117111,项目一,问题1,1171
117112,项目一,问题2,1171
117113,项目一,问题3,1171
117114,项目一,问题4,1171
117121,项目二,问题1,1171
117122,项目二,问题2,1171
117123,项目二,问题3,1171
117124,项目二,问题4,1171
117131,项目三,问题1,1171
117132,项目三,问题2,1171
117133,项目三,问题3,1171
117134,项目三,问题4,1171
127111,项目一,问题1,1271
127112,项目一,问题2,1271
127113,项目一,问题3,1271
127114,项目一,问题4,1271
127121,项目二,问题1,1271
127122,项目二,问题2,1271
127123,项目二,问题3,1271
127124,项目二,问题4,1271
127131,项目三,问题1,1271
127132,项目三,问题2,1271
127133,项目三,问题3,1271
127134,项目三,问题4,1271
117211,项目一,问题1,1172
117212,项目一,问题2,1172
117213,项目一,问题3,1172
117214,项目一,问题4,1172
117221,项目二,问题1,1172
117222,项目二,问题2,1172
117223,项目二,问题3,1172
117224,项目二,问题4,1172
117231,项目三,问题1,1172
117232,项目三,问题2,1172
117232,项目三,问题3,1172
117232,项目三,问题4,1172
117211,项目一,问题1,1172
127212,项目一,问题2,1272
137213,项目一,问题3,1272
147214,项目一,问题4,1272
127221,项目二,问题1,1272
127222,项目二,问题2,1272
127223,项目二,问题3,1272
127224,项目二,问题4,1272
127231,项目三,问题1,1272
127232,项目三,问题2,1272
127233,项目三,问题3,1272
127234,项目三,问题4,1272
